airline,destination,delayed,on_time,total_flights,delay_rate,on_time_rate
ALASKA,Los Angeles,62,497,559,0.11091234347048301,0.889087656529517
ALASKA,Phoenix,12,221,233,0.05150214592274678,0.9484978540772532
ALASKA,San Diego,20,212,232,0.08620689655172414,0.9137931034482759
ALASKA,San Francisco,102,503,605,0.16859504132231404,0.8314049586776859
ALASKA,Seattle,305,1841,2146,0.14212488350419386,0.8578751164958062
AM WEST,Los Angeles,117,694,811,0.1442663378545006,0.8557336621454994
AM WEST,Phoenix,415,4840,5255,0.07897240723120837,0.9210275927687916
AM WEST,San Diego,65,383,448,0.14508928571428573,0.8549107142857143
AM WEST,San Francisco,129,320,449,0.2873051224944321,0.7126948775055679
AM WEST,Seattle,61,201,262,0.23282442748091603,0.767175572519084
