Name,State,Total Number of Points,Pre-Rating,Average Pre Tournament Chess Rating of Opponents
GARY HUA,ON,6,1544,1233
DAKSHESH DARURI,MI,6,1459,1266
ADITYA BAJAJ,MI,6,1495,1417
PATRICK H SCHILLING,MI,5.5,1261,1493
HANSHI ZUO,MI,5.5,1460,1309
HANSEN SONG,OH,5,1505,1452
GARY DEE SWATHELL,MI,5,1114,1475
EZEKIEL HOUGHTON,MI,5,1514,1377
STEFANO LEE,ON,5,1495,1323
ANVIT RAO,MI,5,1415,1351
CAMERON WILLIAM MC LEMAN,MI,4.5,1258,1444
KENNETH J TACK,MI,4.5,1268,1487
TORRANCE HENRY JR,MI,4.5,1508,1410
BRADLEY SHAW,MI,4.5,1013,1470
ZACHARY JAMES HOUGHTON,MI,4.5,1561,1325
MIKE NIKITIN,MI,4,1029,1441
RONALD GRZEGORCZYK,MI,4,1029,1455
DAVID SUNDEEN,MI,4,1134,1444
DIPANKAR ROY,MI,4,1486,1409
JASON ZHENG,MI,4,1452,1466
DINH DANG BUI,ON,4,1549,1427
EUGENE L MCCLURE,MI,4,1240,1426
ALAN BUI,ON,4,1503,1388
MICHAEL R ALDRICH,MI,4,1346,1383
LOREN SCHWIEBERT,MI,3.5,1248,1395
MAX ZHU,ON,3.5,1513,1313
GAURAV GIDWANI,MI,3.5,1447,1440
SOFIA ADINA STANESCU-BELLU,MI,3.5,1488,1397
CHIEDOZIE OKORIE,MI,3.5,1532,1487
GEORGE AVERY JONES,ON,3.5,1257,1523
RISHI SHETTY,MI,3.5,1513,1382
JOSHUA PHILIP MATHEWS,ON,3.5,1407,1471
JADE GE,MI,3.5,1469,1467
MICHAEL JEFFERY THOMAS,MI,3.5,1505,1434
JOSHUA DAVID LEE,MI,3.5,1460,1496
SIDDHARTH JHA,MI,3.5,1477,1421
AMIYATOSH PWNANANDAM,MI,3.5,1548,1498
BRIAN LIU,MI,3,1510,1369
JOEL R HENDON,MI,3,1292,1396
FOREST ZHANG,MI,3,1489,1400
KYLE WILLIAM MURPHY,MI,3,1576,1309
JARED GE,MI,3,1446,1465
ROBERT GLEN VASEY,MI,3,1410,1468
JUSTIN D SCHILLING,MI,3,1532,1266
DEREK YAN,MI,3,1537,1489
JACOB ALEXANDER LAVALLEY,MI,3,1549,1416
ERIC WRIGHT,MI,2.5,1253,1413
DANIEL KHAIN,MI,2.5,1436,1403
MICHAEL J MARTIN,MI,2.5,1253,1488
SHIVAM JHA,MI,2.5,1477,1461
TEJAS AYYAGARI,MI,2.5,1520,1443
ETHAN GUO,MI,2.5,1491,1417
JOSE C YBARRA,MI,2,1257,1430
LARRY HODGE,MI,2,1283,1371
ALEX KONG,MI,2,1541,1442
MARISA RICCI,MI,2,1467,1438
MICHAEL LU,MI,2,1511,1379
VIRAJ MOHILE,MI,2,1470,1474
SEAN M MC CORMICK,MI,2,1284,1464
JULIA SHEN,MI,1.5,1457,1461
JEZZEL FARKAS,ON,1.5,1577,1384
ASHWIN BALAJI,MI,1,1521,1541
THOMAS JOSEPH HOSMER,MI,1,1505,1419
BEN LI,MI,1,1500,1363
